[{"id":"user-file-Thesis_Mingshi.pdf","fileName":"Thesis_Mingshi.pdf","name":"Thesis_Mingshi","publicUrl":"np://user.desktop.nicepage.com/Site_2256801/files/Thesis_Mingshi.pdf","size":8723466},{"id":"user-file-ROB498_FinalReport-compressed.pdf","fileName":"ROB498_FinalReport-compressed.pdf","name":"ROB498_FinalReport-compressed","publicUrl":"np://user.desktop.nicepage.com/Site_2256801/files/ROB498_FinalReport-compressed.pdf","size":2109035},{"id":"user-file-ProjectProposal.pdf","fileName":"ProjectProposal.pdf","name":"ProjectProposal","publicUrl":"np://user.desktop.nicepage.com/Site_2256801/files/ProjectProposal.pdf","size":5824128},{"id":"user-file-Praxis3.mp4","fileName":"Praxis3.mp4","name":"Praxis3","publicUrl":"npv://user.desktop.nicepage.com/Site_2256801/files/Praxis3.mp4","size":1863389},{"id":"user-file-FinalReport.pdf","fileName":"FinalReport.pdf","name":"FinalReport","publicUrl":"np://user.desktop.nicepage.com/Site_2256801/files/FinalReport.pdf","size":721404},{"id":"user-file-CIV102bridge.mp4","fileName":"CIV102bridge.mp4","name":"CIV102bridge","publicUrl":"npv://user.desktop.nicepage.com/Site_2256801/files/CIV102bridge.mp4","size":1355229},{"id":"user-file-APS360-FinalProjectReportsubmitteddecember9th.pdf","fileName":"APS360-FinalProjectReportsubmitteddecember9th.pdf","name":"APS360-FinalProjectReportsubmitteddecember9th","publicUrl":"np://user.desktop.nicepage.com/Site_2256801/files/APS360-FinalProjectReportsubmitteddecember9th.pdf","size":1141347}]