[{"id":"user-image-MicrosoftTeams-image22.png","publicUrl":"np://user.desktop.nicepage.com/Site_2256801/images/MicrosoftTeams-image22.png","size":138043,"hash":"qTvxlkabUBhEq/un9sNYZkRvVjc=","fileName":"MicrosoftTeams-image22.png","name":"MicrosoftTeams-image22","width":1183,"height":1720,"thumbnail":{"url":"np://user.desktop.nicepage.com/Site_2256801/images/thumbnails/MicrosoftTeams-image22.png","width":172,"height":250},"folderId":null,"usages":["28974099"]},{"id":"user-image-Untitled_Artwork1.jpg","publicUrl":"np://user.desktop.nicepage.com/Site_2256801/images/Untitled_Artwork1.jpg","size":1067925,"hash":"KtW3eRAJVUAuujFxAOA/ksSPbaE=","fileName":"Untitled_Artwork1.jpg","name":"Untitled_Artwork1","width":2550,"height":3300,"thumbnail":{"url":"np://user.desktop.nicepage.com/Site_2256801/images/thumbnails/Untitled_Artwork1.jpg","width":193,"height":250},"folderId":null,"usages":["28974099"]},{"id":"user-image-IMG_20220206_105050.jpg","publicUrl":"np://user.desktop.nicepage.com/Site_2256801/images/IMG_20220206_105050.jpg","size":943748,"hash":"8ygPvXkQlrxVswuKbyXuPbVMqtw=","fileName":"IMG_20220206_105050.jpg","name":"IMG_20220206_105050","width":4608,"height":3456,"thumbnail":{"url":"np://user.desktop.nicepage.com/Site_2256801/images/thumbnails/IMG_20220206_105050.jpg","width":250,"height":188},"folderId":null,"usages":["28974099"]},{"id":"user-image-mmexport1546715466839.jpg","publicUrl":"np://user.desktop.nicepage.com/Site_2256801/images/mmexport1546715466839.jpg","size":387341,"hash":"g5lnZbW88YBpiCnxC4NgxHoQiyQ=","fileName":"mmexport1546715466839.jpg","name":"mmexport1546715466839","width":3264,"height":2448,"thumbnail":{"url":"np://user.desktop.nicepage.com/Site_2256801/images/thumbnails/mmexport1546715466839.jpg","width":250,"height":188},"folderId":null,"usages":["28974099"]},{"id":"user-image-IMG_20200103_103920.jpg","publicUrl":"np://user.desktop.nicepage.com/Site_2256801/images/IMG_20200103_103920.jpg","size":238469,"hash":"PZywP0nmn79kMwOnBqmyU3p5KOU=","fileName":"IMG_20200103_103920.jpg","name":"IMG_20200103_103920","width":4000,"height":1824,"thumbnail":{"url":"np://user.desktop.nicepage.com/Site_2256801/images/thumbnails/IMG_20200103_103920.jpg","width":250,"height":114},"folderId":null,"usages":["28974099"]},{"id":"user-image-IMG_20230220_102818.jpg","publicUrl":"np://user.desktop.nicepage.com/Site_2256801/images/IMG_20230220_102818.jpg","size":4354423,"hash":"nQW3aZ6ZMmiFhejBI3X8Xk97HY0=","fileName":"IMG_20230220_102818.jpg","name":"IMG_20230220_102818","width":4608,"height":3456,"thumbnail":{"url":"np://user.desktop.nicepage.com/Site_2256801/images/thumbnails/IMG_20230220_102818.jpg","width":250,"height":188},"folderId":null,"usages":["28974099"]},{"id":"user-image-IMG_20230205_111536__01.jpg","publicUrl":"np://user.desktop.nicepage.com/Site_2256801/images/IMG_20230205_111536__01.jpg","size":3610510,"hash":"NZa/DF+FJVp1Zq6LAs5dggUzApw=","fileName":"IMG_20230205_111536__01.jpg","name":"IMG_20230205_111536__01","width":3456,"height":4608,"thumbnail":{"url":"np://user.desktop.nicepage.com/Site_2256801/images/thumbnails/IMG_20230205_111536__01.jpg","width":188,"height":250},"folderId":null,"usages":["28974099"]},{"id":"user-image-IMG_20240115_110420.jpg","publicUrl":"np://user.desktop.nicepage.com/Site_2256801/images/IMG_20240115_110420.jpg","size":1934247,"hash":"2OzEYtpW4qJfILM5wG/p85lhdxY=","fileName":"IMG_20240115_110420.jpg","name":"IMG_20240115_110420","width":4000,"height":3000,"thumbnail":{"url":"np://user.desktop.nicepage.com/Site_2256801/images/thumbnails/IMG_20240115_110420.jpg","width":250,"height":188},"folderId":null,"usages":["28974099"]},{"id":"user-image-IMG_20230102_161306.jpg","publicUrl":"np://user.desktop.nicepage.com/Site_2256801/images/IMG_20230102_161306.jpg","size":3119964,"hash":"oplmPPl/werttmInuzE16peFjwo=","fileName":"IMG_20230102_161306.jpg","name":"IMG_20230102_161306","width":3000,"height":4000,"thumbnail":{"url":"np://user.desktop.nicepage.com/Site_2256801/images/thumbnails/IMG_20230102_161306.jpg","width":188,"height":250},"folderId":null,"usages":["28974099"]},{"id":"user-image-IMG_20201122_182939.jpg","publicUrl":"np://user.desktop.nicepage.com/Site_2256801/images/IMG_20201122_182939.jpg","size":2043057,"hash":"f7mKed551J4fk41+yw/MZt4dpPw=","fileName":"IMG_20201122_182939.jpg","name":"IMG_20201122_182939","width":3000,"height":4000,"thumbnail":{"url":"np://user.desktop.nicepage.com/Site_2256801/images/thumbnails/IMG_20201122_182939.jpg","width":188,"height":250},"folderId":null,"usages":["28974099"]},{"id":"user-image-IMG_20211225_095907.jpg","publicUrl":"np://user.desktop.nicepage.com/Site_2256801/images/IMG_20211225_095907.jpg","size":2457328,"hash":"FlFkSBWvu6mE/yyhfA8bD9eBGwM=","fileName":"IMG_20211225_095907.jpg","name":"IMG_20211225_095907","width":4000,"height":3000,"thumbnail":{"url":"np://user.desktop.nicepage.com/Site_2256801/images/thumbnails/IMG_20211225_095907.jpg","width":250,"height":188},"folderId":null,"usages":["28974099"]},{"id":"user-image-DSC_0515.JPG","publicUrl":"np://user.desktop.nicepage.com/Site_2256801/images/DSC_0515.JPG","size":1328879,"hash":"Ue1QPp4hHVbxEdsBn3ZlSH07GPc=","fileName":"DSC_0515.JPG","name":"DSC_0515","width":6016,"height":4000,"thumbnail":{"url":"np://user.desktop.nicepage.com/Site_2256801/images/thumbnails/DSC_0515.JPG","width":250,"height":166},"folderId":null,"usages":["28974099"]},{"id":"user-image-IMG_20220207_130222.jpg","publicUrl":"np://user.desktop.nicepage.com/Site_2256801/images/IMG_20220207_130222.jpg","size":2717446,"hash":"xdOGkFr+s3bD9UlgPsoQIju4Ntk=","fileName":"IMG_20220207_130222.jpg","name":"IMG_20220207_130222","width":4000,"height":3000,"thumbnail":{"url":"np://user.desktop.nicepage.com/Site_2256801/images/thumbnails/IMG_20220207_130222.jpg","width":250,"height":188},"folderId":null,"usages":["28974099"]},{"id":"user-image-DSC_0929.jpg","publicUrl":"np://user.desktop.nicepage.com/Site_2256801/images/DSC_0929.jpg","size":2239864,"hash":"HB7Nwb9RGx9U9NeY7yuz6CX6i7k=","fileName":"DSC_0929.jpg","name":"DSC_0929","width":6016,"height":4000,"thumbnail":{"url":"np://user.desktop.nicepage.com/Site_2256801/images/thumbnails/DSC_0929.jpg","width":250,"height":166},"folderId":null,"usages":["28974099"]},{"id":"user-image-DSC_0655.jpg","publicUrl":"np://user.desktop.nicepage.com/Site_2256801/images/DSC_0655.jpg","size":1501509,"hash":"y719OmIzIrDmuCFoTnGF9mZwcCU=","fileName":"DSC_0655.jpg","name":"DSC_0655","width":6016,"height":4000,"thumbnail":{"url":"np://user.desktop.nicepage.com/Site_2256801/images/thumbnails/DSC_0655.jpg","width":250,"height":166},"folderId":null,"usages":["28974099"]},{"id":"user-image-DSC_0746.jpg","publicUrl":"np://user.desktop.nicepage.com/Site_2256801/images/DSC_0746.jpg","size":3755661,"hash":"APHHckQyZT18wdhCdrZvjOJb2Zg=","fileName":"DSC_0746.jpg","name":"DSC_0746","width":4000,"height":6016,"thumbnail":{"url":"np://user.desktop.nicepage.com/Site_2256801/images/thumbnails/DSC_0746.jpg","width":166,"height":250},"folderId":null,"usages":["28974099"]},{"id":"user-image-DSC_0280.JPG","publicUrl":"np://user.desktop.nicepage.com/Site_2256801/images/DSC_0280.JPG","size":3751742,"hash":"9mrJEeigngpY/CIp8M9ZdBQDa78=","fileName":"DSC_0280.JPG","name":"DSC_0280","width":6016,"height":4000,"thumbnail":{"url":"np://user.desktop.nicepage.com/Site_2256801/images/thumbnails/DSC_0280.JPG","width":250,"height":166},"folderId":null,"usages":["28974099"]},{"id":"user-image-DSC_0613.jpg","publicUrl":"np://user.desktop.nicepage.com/Site_2256801/images/DSC_0613.jpg","size":1571515,"hash":"Bu6mRD2VmEa7YHZ2YElKHCR4qZQ=","fileName":"DSC_0613.jpg","name":"DSC_0613","width":6016,"height":4000,"thumbnail":{"url":"np://user.desktop.nicepage.com/Site_2256801/images/thumbnails/DSC_0613.jpg","width":250,"height":166},"folderId":null,"usages":["28974099"]},{"id":"user-image-DSC_0039.jpg","publicUrl":"np://user.desktop.nicepage.com/Site_2256801/images/DSC_0039.jpg","size":2303588,"hash":"V2z/or5awrZtklSvteriio2dEHQ=","fileName":"DSC_0039.jpg","name":"DSC_0039","width":6016,"height":4000,"thumbnail":{"url":"np://user.desktop.nicepage.com/Site_2256801/images/thumbnails/DSC_0039.jpg","width":250,"height":166},"folderId":null,"usages":["28974099"]},{"id":"user-image-IMG_20161229_184156_937.jpg","publicUrl":"np://user.desktop.nicepage.com/Site_2256801/images/IMG_20161229_184156_937.jpg","size":136469,"hash":"kY+5RmWwxLpCwC5bMeYaclw6EXY=","fileName":"IMG_20161229_184156_937.jpg","name":"IMG_20161229_184156_937","width":1080,"height":1080,"thumbnail":{"url":"np://user.desktop.nicepage.com/Site_2256801/images/thumbnails/IMG_20161229_184156_937.jpg","width":250,"height":250},"folderId":null,"usages":["28974099"]},{"id":"user-image-IMG_20161230_032449.jpg","publicUrl":"np://user.desktop.nicepage.com/Site_2256801/images/IMG_20161230_032449.jpg","size":359886,"hash":"06LavLfVEwnoVZS2RrYv1qKt2gg=","fileName":"IMG_20161230_032449.jpg","name":"IMG_20161230_032449","width":1080,"height":1440,"thumbnail":{"url":"np://user.desktop.nicepage.com/Site_2256801/images/thumbnails/IMG_20161230_032449.jpg","width":188,"height":250},"folderId":null,"usages":["28974099"]},{"id":"user-image-IMG_20170205_170343.jpg","publicUrl":"np://user.desktop.nicepage.com/Site_2256801/images/IMG_20170205_170343.jpg","size":151518,"hash":"w8sgt4ePFjInFyAuAZf9osy9JWU=","fileName":"IMG_20170205_170343.jpg","name":"IMG_20170205_170343","width":1080,"height":1440,"thumbnail":{"url":"np://user.desktop.nicepage.com/Site_2256801/images/thumbnails/IMG_20170205_170343.jpg","width":188,"height":250},"folderId":null,"usages":["28974099"]},{"id":"user-image-IMG_20190909_161414_454.jpg","publicUrl":"np://user.desktop.nicepage.com/Site_2256801/images/IMG_20190909_161414_454.jpg","size":58683,"hash":"KvMkq70ScS1g9afd1JLcm3NcG1A=","fileName":"IMG_20190909_161414_454.jpg","name":"IMG_20190909_161414_454","width":1080,"height":717,"thumbnail":{"url":"np://user.desktop.nicepage.com/Site_2256801/images/thumbnails/IMG_20190909_161414_454.jpg","width":250,"height":166},"folderId":null,"usages":["28974099"]},{"id":"user-image-Screenshot2020-09-12192657.png","publicUrl":"np://user.desktop.nicepage.com/Site_2256801/images/Screenshot2020-09-12192657.png","size":969605,"hash":"Ch6/A8Eb1ewtDjdPS6LGiU4+2aQ=","fileName":"Screenshot2020-09-12192657.png","name":"Screenshot2020-09-12192657","width":1306,"height":760,"thumbnail":{"url":"np://user.desktop.nicepage.com/Site_2256801/images/thumbnails/Screenshot2020-09-12192657.png","width":250,"height":145},"folderId":null,"usages":["28974099"]},{"id":"user-image-Screenshot2020-09-12192635.png","publicUrl":"np://user.desktop.nicepage.com/Site_2256801/images/Screenshot2020-09-12192635.png","size":579585,"hash":"29Db8i/GMXtrAqt1C/QyzCiFD3I=","fileName":"Screenshot2020-09-12192635.png","name":"Screenshot2020-09-12192635","width":1027,"height":743,"thumbnail":{"url":"np://user.desktop.nicepage.com/Site_2256801/images/thumbnails/Screenshot2020-09-12192635.png","width":250,"height":181},"folderId":null,"usages":["28974099"]},{"id":"user-image-IMG_20200623_163256__01.jpg","publicUrl":"np://user.desktop.nicepage.com/Site_2256801/images/IMG_20200623_163256__01.jpg","size":490206,"hash":"p2IWsK1L9YM/KqIScAObBJjMogA=","fileName":"IMG_20200623_163256__01.jpg","name":"IMG_20200623_163256__01","width":1600,"height":1255,"thumbnail":{"url":"np://user.desktop.nicepage.com/Site_2256801/images/thumbnails/IMG_20200623_163256__01.jpg","width":250,"height":196},"folderId":null,"usages":["28974099"]},{"id":"user-image-Screenshot2020-09-12192608.png","publicUrl":"np://user.desktop.nicepage.com/Site_2256801/images/Screenshot2020-09-12192608.png","size":713888,"hash":"VewrXIWq0cc5K92t/VbKLKPtXMg=","fileName":"Screenshot2020-09-12192608.png","name":"Screenshot2020-09-12192608","width":972,"height":826,"thumbnail":{"url":"np://user.desktop.nicepage.com/Site_2256801/images/thumbnails/Screenshot2020-09-12192608.png","width":250,"height":212},"folderId":null,"usages":["28974099"]},{"id":"user-image-srresnet_samples_tr.png","publicUrl":"np://user.desktop.nicepage.com/Site_2256801/images/srresnet_samples_tr.png","size":4429257,"hash":"kyN2eRYhlnIbgAUqCWPRhBBXm00=","fileName":"srresnet_samples_tr.png","name":"srresnet_samples_tr","width":3224,"height":1724,"thumbnail":{"url":"np://user.desktop.nicepage.com/Site_2256801/images/thumbnails/srresnet_samples_tr.png","width":250,"height":134},"folderId":null,"usages":["907108937"]},{"id":"user-image-cyclegan_resnet9.png","publicUrl":"np://user.desktop.nicepage.com/Site_2256801/images/cyclegan_resnet9.png","size":3350175,"hash":"0kdG9gCYU5tAuwfbE1qM1kcLzhI=","fileName":"cyclegan_resnet9.png","name":"cyclegan_resnet9","width":1818,"height":2376,"thumbnail":{"url":"np://user.desktop.nicepage.com/Site_2256801/images/thumbnails/cyclegan_resnet9.png","width":191,"height":250},"folderId":null,"usages":["907108937"]},{"id":"user-image-aps360-diag2-1.png","publicUrl":"np://user.desktop.nicepage.com/Site_2256801/images/aps360-diag2-1.png","size":219824,"hash":"dfqbkbLcWf5qGeIu4QP/U89nTQk=","fileName":"aps360-diag2-1.png","name":"aps360-diag2-1","width":1205,"height":433,"thumbnail":{"url":"np://user.desktop.nicepage.com/Site_2256801/images/thumbnails/aps360-diag2-1.png","width":250,"height":90},"folderId":null,"usages":["907108937"]},{"id":"user-image-aps360-diag1.png","publicUrl":"np://user.desktop.nicepage.com/Site_2256801/images/aps360-diag1.png","size":82940,"hash":"seErXMFhG35g7mbe4lich60SlQg=","fileName":"aps360-diag1.png","name":"aps360-diag1","width":1156,"height":297,"thumbnail":{"url":"np://user.desktop.nicepage.com/Site_2256801/images/thumbnails/aps360-diag1.png","width":250,"height":64},"folderId":null,"usages":["907108937"]},{"id":"user-image-MicrosoftTeams-image21.png","publicUrl":"np://user.desktop.nicepage.com/Site_2256801/images/MicrosoftTeams-image21.png","size":108152,"hash":"3pTsNgsCRsW/KIgLdNu+Gl+xcjo=","fileName":"MicrosoftTeams-image21.png","name":"MicrosoftTeams-image21","width":1163,"height":470,"thumbnail":{"url":"np://user.desktop.nicepage.com/Site_2256801/images/thumbnails/MicrosoftTeams-image21.png","width":250,"height":101},"folderId":null,"usages":["907108937"]},{"id":"user-image-bridgetest.jpg","publicUrl":"np://user.desktop.nicepage.com/Site_2256801/images/bridgetest.jpg","size":104797,"hash":"7S0j2bXeQbwTy4iT4ORpCtjHYgA=","fileName":"bridgetest.jpg","name":"bridgetest","width":750,"height":1000,"thumbnail":{"url":"np://user.desktop.nicepage.com/Site_2256801/images/thumbnails/bridgetest.jpg","width":188,"height":250},"folderId":null,"usages":["907108937"]},{"id":"user-image-IMG_20190331_1346051.jpg","publicUrl":"np://user.desktop.nicepage.com/Site_2256801/images/IMG_20190331_1346051.jpg","size":281985,"hash":"JRsYg5FpwoQX86TmGBuA2HYpRas=","fileName":"IMG_20190331_1346051.jpg","name":"IMG_20190331_1346051","width":1600,"height":1200,"thumbnail":{"url":"np://user.desktop.nicepage.com/Site_2256801/images/thumbnails/IMG_20190331_1346051.jpg","width":250,"height":188},"folderId":null,"usages":["907108937"]},{"id":"user-image-IMG_20190407_120340.jpg","publicUrl":"np://user.desktop.nicepage.com/Site_2256801/images/IMG_20190407_120340.jpg","size":265907,"hash":"A+n5ZnH4IfncE4bySIeOlTc/iLk=","fileName":"IMG_20190407_120340.jpg","name":"IMG_20190407_120340","width":1200,"height":1600,"thumbnail":{"url":"np://user.desktop.nicepage.com/Site_2256801/images/thumbnails/IMG_20190407_120340.jpg","width":188,"height":250},"folderId":null,"usages":["907108937"]},{"id":"user-image-received_282138966049623.jpeg","publicUrl":"np://user.desktop.nicepage.com/Site_2256801/images/received_282138966049623.jpeg","size":173286,"hash":"VgPZsS5otPo/ERJyq2+6ZDqSPpE=","fileName":"received_282138966049623.jpeg","name":"received_282138966049623","width":895,"height":1600,"thumbnail":{"url":"np://user.desktop.nicepage.com/Site_2256801/images/thumbnails/received_282138966049623.jpeg","width":140,"height":250},"folderId":null,"usages":["907108937"]},{"id":"user-image-IMG_20190404_1024041.jpg","publicUrl":"np://user.desktop.nicepage.com/Site_2256801/images/IMG_20190404_1024041.jpg","size":304291,"hash":"X/+BZKxeCuJqAVwYsGtXXtsqp8E=","fileName":"IMG_20190404_1024041.jpg","name":"IMG_20190404_1024041","width":1600,"height":1200,"thumbnail":{"url":"np://user.desktop.nicepage.com/Site_2256801/images/thumbnails/IMG_20190404_1024041.jpg","width":250,"height":188},"folderId":null,"usages":["907108937"]},{"id":"user-image-OnePager-FORMATED1.jpg","publicUrl":"np://user.desktop.nicepage.com/Site_2256801/images/OnePager-FORMATED1.jpg","size":135369,"hash":"9g1qit9EnnaI2lEZmBjFhA/y8YE=","fileName":"OnePager-FORMATED1.jpg","name":"OnePager-FORMATED1","width":816,"height":1056,"thumbnail":{"url":"np://user.desktop.nicepage.com/Site_2256801/images/thumbnails/OnePager-FORMATED1.jpg","width":193,"height":250},"folderId":null,"usages":["907108937"]},{"id":"user-image-OnePager-FORMATED.jpg","publicUrl":"np://user.desktop.nicepage.com/Site_2256801/images/OnePager-FORMATED.jpg","size":160245,"hash":"l9urt9/a7uyHFWA2cAnEX3qlE0U=","fileName":"OnePager-FORMATED.jpg","name":"OnePager-FORMATED","width":816,"height":1056,"thumbnail":{"url":"np://user.desktop.nicepage.com/Site_2256801/images/thumbnails/OnePager-FORMATED.jpg","width":193,"height":250},"folderId":null,"usages":["907108937"]},{"id":"user-image-FinalShowcasePoster.jpg","publicUrl":"np://user.desktop.nicepage.com/Site_2256801/images/FinalShowcasePoster.jpg","size":211421,"hash":"4I5QZIkg6HZEVjL52W+aSGhYacg=","fileName":"FinalShowcasePoster.jpg","name":"FinalShowcasePoster","width":1600,"height":800,"thumbnail":{"url":"np://user.desktop.nicepage.com/Site_2256801/images/thumbnails/FinalShowcasePoster.jpg","width":250,"height":125},"folderId":null,"usages":["907108937"]},{"id":"user-image-received_445055629565959.jpeg","publicUrl":"np://user.desktop.nicepage.com/Site_2256801/images/received_445055629565959.jpeg","size":229948,"hash":"4kP98xOnUiiKwDLK3tTgdzwdUo4=","fileName":"received_445055629565959.jpeg","name":"received_445055629565959","width":1600,"height":1200,"thumbnail":{"url":"np://user.desktop.nicepage.com/Site_2256801/images/thumbnails/received_445055629565959.jpeg","width":250,"height":188},"folderId":null,"usages":["907108937"]},{"id":"user-image-MicrosoftTeams-image20.png","publicUrl":"np://user.desktop.nicepage.com/Site_2256801/images/MicrosoftTeams-image20.png","size":58096,"hash":"25LbFhRV1ojCeRhkYbcMSo5Bu4U=","fileName":"MicrosoftTeams-image20.png","name":"MicrosoftTeams-image20","width":1600,"height":352,"thumbnail":{"url":"np://user.desktop.nicepage.com/Site_2256801/images/thumbnails/MicrosoftTeams-image20.png","width":250,"height":55},"folderId":null,"usages":["907108937"]},{"id":"user-image-MicrosoftTeams-image18.png","publicUrl":"np://user.desktop.nicepage.com/Site_2256801/images/MicrosoftTeams-image18.png","size":126617,"hash":"ERLBg8N2RL/EsM1eyzrGojdMWfc=","fileName":"MicrosoftTeams-image18.png","name":"MicrosoftTeams-image18","width":1600,"height":1200,"thumbnail":{"url":"np://user.desktop.nicepage.com/Site_2256801/images/thumbnails/MicrosoftTeams-image18.png","width":250,"height":188},"folderId":null,"usages":["907108937"]},{"id":"user-image-MicrosoftTeams-image17.png","publicUrl":"np://user.desktop.nicepage.com/Site_2256801/images/MicrosoftTeams-image17.png","size":33394,"hash":"dZzvZOkFKwgL1PSFiDH/6vJHKhM=","fileName":"MicrosoftTeams-image17.png","name":"MicrosoftTeams-image17","width":960,"height":720,"thumbnail":{"url":"np://user.desktop.nicepage.com/Site_2256801/images/thumbnails/MicrosoftTeams-image17.png","width":250,"height":188},"folderId":null,"usages":["907108937"]},{"id":"user-image-MicrosoftTeams-image19.png","publicUrl":"np://user.desktop.nicepage.com/Site_2256801/images/MicrosoftTeams-image19.png","size":76890,"hash":"p0+a8kWTC2OIGuM20vp5DHTmGrU=","fileName":"MicrosoftTeams-image19.png","name":"MicrosoftTeams-image19","width":771,"height":708,"thumbnail":{"url":"np://user.desktop.nicepage.com/Site_2256801/images/thumbnails/MicrosoftTeams-image19.png","width":250,"height":230},"folderId":null,"usages":["907108937"]},{"id":"user-image-MicrosoftTeams-image16.png","publicUrl":"np://user.desktop.nicepage.com/Site_2256801/images/MicrosoftTeams-image16.png","size":114495,"hash":"vWhCpx1hjC3DnEHcBSdYSBulVmE=","fileName":"MicrosoftTeams-image16.png","name":"MicrosoftTeams-image16","width":1200,"height":1600,"thumbnail":{"url":"np://user.desktop.nicepage.com/Site_2256801/images/thumbnails/MicrosoftTeams-image16.png","width":188,"height":250},"folderId":null,"usages":["907108937"]},{"id":"user-image-Locationofportusingopencv.png","publicUrl":"np://user.desktop.nicepage.com/Site_2256801/images/Locationofportusingopencv.png","size":385528,"hash":"T1Bki8fus6S2Wd5rrJglMkghhm4=","fileName":"Locationofportusingopencv.png","name":"Locationofportusingopencv","width":1244,"height":443,"thumbnail":{"url":"np://user.desktop.nicepage.com/Site_2256801/images/thumbnails/Locationofportusingopencv.png","width":250,"height":89},"folderId":null,"usages":["907108937"]},{"id":"user-image-milestone1finishedmechanical2.jpg","publicUrl":"np://user.desktop.nicepage.com/Site_2256801/images/milestone1finishedmechanical2.jpg","size":333120,"hash":"0xFAccqz33IBFhDpFc5uPYKgH4c=","fileName":"milestone1finishedmechanical2.jpg","name":"milestone1finishedmechanical2","width":999,"height":1600,"thumbnail":{"url":"np://user.desktop.nicepage.com/Site_2256801/images/thumbnails/milestone1finishedmechanical2.jpg","width":156,"height":250},"folderId":null,"usages":["907108937"]},{"id":"user-image-teamphoto.jpg","publicUrl":"np://user.desktop.nicepage.com/Site_2256801/images/teamphoto.jpg","size":90636,"hash":"amAAFYHsHkHlWW5pIAcMY9OQw8A=","fileName":"teamphoto.jpg","name":"teamphoto","width":1600,"height":1098,"thumbnail":{"url":"np://user.desktop.nicepage.com/Site_2256801/images/thumbnails/teamphoto.jpg","width":250,"height":172},"folderId":null,"usages":["907108937"]},{"id":"user-image-MicrosoftTeams-image15.png","publicUrl":"np://user.desktop.nicepage.com/Site_2256801/images/MicrosoftTeams-image15.png","size":227689,"hash":"DCH8wWyrl76o5f6oaDyQxJORp1w=","fileName":"MicrosoftTeams-image15.png","name":"MicrosoftTeams-image15","width":1009,"height":282,"thumbnail":{"url":"np://user.desktop.nicepage.com/Site_2256801/images/thumbnails/MicrosoftTeams-image15.png","width":250,"height":70},"folderId":null,"usages":["907108937"]},{"id":"user-image-MicrosoftTeams-image14.png","publicUrl":"np://user.desktop.nicepage.com/Site_2256801/images/MicrosoftTeams-image14.png","size":727843,"hash":"WcSvcW+okcru233hNAPX8jCXkZY=","fileName":"MicrosoftTeams-image14.png","name":"MicrosoftTeams-image14","width":1143,"height":583,"thumbnail":{"url":"np://user.desktop.nicepage.com/Site_2256801/images/thumbnails/MicrosoftTeams-image14.png","width":250,"height":128},"folderId":null,"usages":["907108937"]},{"id":"user-image-MicrosoftTeams-image13.png","publicUrl":"np://user.desktop.nicepage.com/Site_2256801/images/MicrosoftTeams-image13.png","size":123954,"hash":"5OOoh3HDfVDo+aF+JH9id/MbTzU=","fileName":"MicrosoftTeams-image13.png","name":"MicrosoftTeams-image13","width":1600,"height":1067,"thumbnail":{"url":"np://user.desktop.nicepage.com/Site_2256801/images/thumbnails/MicrosoftTeams-image13.png","width":250,"height":167},"folderId":null,"usages":["907108937"]},{"id":"user-image-IMG_20230414_083815.jpg","publicUrl":"np://user.desktop.nicepage.com/Site_2256801/images/IMG_20230414_083815.jpg","size":3293682,"hash":"ntOFHHgTHiDlx3LL3NIUrJ4gFps=","fileName":"IMG_20230414_083815.jpg","name":"IMG_20230414_083815","width":3000,"height":4000,"thumbnail":{"url":"np://user.desktop.nicepage.com/Site_2256801/images/thumbnails/IMG_20230414_083815.jpg","width":188,"height":250},"folderId":null,"usages":["907108937"]},{"id":"user-image-MicrosoftTeams-image12.png","publicUrl":"np://user.desktop.nicepage.com/Site_2256801/images/MicrosoftTeams-image12.png","size":252074,"hash":"XmUxRUy9Tpx6WqprqYP1FGCR+fo=","fileName":"MicrosoftTeams-image12.png","name":"MicrosoftTeams-image12","width":980,"height":571,"thumbnail":{"url":"np://user.desktop.nicepage.com/Site_2256801/images/thumbnails/MicrosoftTeams-image12.png","width":250,"height":146},"folderId":null,"usages":["907108937"]},{"id":"user-image-IMG_20230419_193550.jpg","publicUrl":"np://user.desktop.nicepage.com/Site_2256801/images/IMG_20230419_193550.jpg","size":2058043,"hash":"rqBjAgTJmwpmun0IeKtmrDXiinw=","fileName":"IMG_20230419_193550.jpg","name":"IMG_20230419_193550","width":4000,"height":3000,"thumbnail":{"url":"np://user.desktop.nicepage.com/Site_2256801/images/thumbnails/IMG_20230419_193550.jpg","width":250,"height":188},"folderId":null,"usages":["907108937"]},{"id":"user-image-chair.jpg","publicUrl":"np://user.desktop.nicepage.com/Site_2256801/images/chair.jpg","size":302338,"hash":"w18AWLDreO9EoNkLxvzqO2RIYuQ=","fileName":"chair.jpg","name":"chair","width":1536,"height":2048,"thumbnail":{"url":"np://user.desktop.nicepage.com/Site_2256801/images/thumbnails/chair.jpg","width":188,"height":250},"folderId":null,"usages":["907108937"]},{"id":"user-image-logout_drop_0.100000_class_22_batch_32_aug_1000.png","publicUrl":"np://user.desktop.nicepage.com/Site_2256801/images/logout_drop_0.100000_class_22_batch_32_aug_1000.png","size":54099,"hash":"aG5i94lthcGOo5FJ2aKt6Wep4ug=","fileName":"logout_drop_0.100000_class_22_batch_32_aug_1000.png","name":"logout_drop_0.100000_class_22_batch_32_aug_1000","width":640,"height":480,"thumbnail":{"url":"np://user.desktop.nicepage.com/Site_2256801/images/thumbnails/logout_drop_0.100000_class_22_batch_32_aug_1000.png","width":250,"height":188},"folderId":null,"usages":["907108937"]},{"id":"user-image-6166_3D_old.png","publicUrl":"np://user.desktop.nicepage.com/Site_2256801/images/6166_3D_old.png","size":63655,"hash":"4rUXGSYrwrNcAZA25R92VwTqGZg=","fileName":"6166_3D_old.png","name":"6166_3D_old","width":520,"height":378,"thumbnail":{"url":"np://user.desktop.nicepage.com/Site_2256801/images/thumbnails/6166_3D_old.png","width":250,"height":182},"folderId":null,"usages":["907108937"]},{"id":"user-image-6166_2D.png","publicUrl":"np://user.desktop.nicepage.com/Site_2256801/images/6166_2D.png","size":262123,"hash":"cqZU3fyZ9+3oC49rczyPaITP1g0=","fileName":"6166_2D.png","name":"6166_2D","width":730,"height":530,"thumbnail":{"url":"np://user.desktop.nicepage.com/Site_2256801/images/thumbnails/6166_2D.png","width":250,"height":182},"folderId":null,"usages":["907108937"]},{"id":"user-image-pipeline.png","publicUrl":"np://user.desktop.nicepage.com/Site_2256801/images/pipeline.png","size":165424,"hash":"X5+ep//RSEMyjp5wQqwEGuGR3Pg=","fileName":"pipeline.png","name":"pipeline","width":930,"height":989,"thumbnail":{"url":"np://user.desktop.nicepage.com/Site_2256801/images/thumbnails/pipeline.png","width":235,"height":250},"folderId":null,"usages":["907108937"]},{"id":"user-image-FB_IMG_1537662691490.jpg","publicUrl":"np://user.desktop.nicepage.com/Site_2256801/images/FB_IMG_1537662691490.jpg","size":248652,"hash":"RyX1wwdCsCQaRI8lADu9qb4tj+0=","fileName":"FB_IMG_1537662691490.jpg","name":"FB_IMG_1537662691490","width":1439,"height":960,"thumbnail":{"url":"np://user.desktop.nicepage.com/Site_2256801/images/thumbnails/FB_IMG_1537662691490.jpg","width":250,"height":167},"folderId":null,"usages":["2823522611"]},{"id":"user-image-Screenshot_2019-09-17-12-41-18-862_com.google.android.apps.docs1.png","publicUrl":"np://user.desktop.nicepage.com/Site_2256801/images/Screenshot_2019-09-17-12-41-18-862_com.google.android.apps.docs1.png","size":2381378,"hash":"9HcrflFk5OVoUQOQOmi0SDqWnHs=","fileName":"Screenshot_2019-09-17-12-41-18-862_com.google.android.apps.docs1.png","name":"Screenshot_2019-09-17-12-41-18-862_com.google.android.apps.docs1","width":1459,"height":1080,"thumbnail":{"url":"np://user.desktop.nicepage.com/Site_2256801/images/thumbnails/Screenshot_2019-09-17-12-41-18-862_com.google.android.apps.docs1.png","width":250,"height":185},"folderId":null,"usages":["2823522611"]},{"id":"user-image-DSC_0180-011.jpeg","publicUrl":"np://user.desktop.nicepage.com/Site_2256801/images/DSC_0180-011.jpeg","size":1213993,"hash":"oGI6gvKQugavdsV5u61mBUpx4+4=","fileName":"DSC_0180-011.jpeg","name":"DSC_0180-011","width":2486,"height":2486,"thumbnail":{"url":"np://user.desktop.nicepage.com/Site_2256801/images/thumbnails/DSC_0180-011.jpeg","width":250,"height":250},"folderId":null,"usages":["2823522611"]},{"id":"user-image-Screenshot_2019-09-17-12-45-29-167_com.google.android.apps.docs1.png","publicUrl":"np://user.desktop.nicepage.com/Site_2256801/images/Screenshot_2019-09-17-12-45-29-167_com.google.android.apps.docs1.png","size":1727090,"hash":"Ar+WlTQxdKCsmGeZSEH2D+f3SVs=","fileName":"Screenshot_2019-09-17-12-45-29-167_com.google.android.apps.docs1.png","name":"Screenshot_2019-09-17-12-45-29-167_com.google.android.apps.docs1","width":1145,"height":1080,"thumbnail":{"url":"np://user.desktop.nicepage.com/Site_2256801/images/thumbnails/Screenshot_2019-09-17-12-45-29-167_com.google.android.apps.docs1.png","width":250,"height":236},"folderId":null,"usages":["2823522611"]},{"id":"user-image-Mingshi_Chi_Resume3-page-001.jpg","publicUrl":"np://user.desktop.nicepage.com/Site_2256801/images/Mingshi_Chi_Resume3-page-001.jpg","size":917194,"hash":"xYbrmLfW9BDv1/J/iBxmHqWmomU=","fileName":"Mingshi_Chi_Resume3-page-001.jpg","name":"Mingshi_Chi_Resume3-page-001","width":2625,"height":3375,"thumbnail":{"url":"np://user.desktop.nicepage.com/Site_2256801/images/thumbnails/Mingshi_Chi_Resume3-page-001.jpg","width":194,"height":250},"folderId":null,"usages":["1907011559"]},{"id":"user-image-juan.png","publicUrl":"np://user.desktop.nicepage.com/Site_2256801/images/juan.png","size":201226,"hash":"iCiZioTCPy+VRQNL/PRBD7EAjAA=","fileName":"juan.png","name":"juan","width":731,"height":535,"thumbnail":{"url":"np://user.desktop.nicepage.com/Site_2256801/images/thumbnails/juan.png","width":250,"height":183},"folderId":null,"usages":[]},{"id":"user-image-LinkedIn_logo_initials.png","publicUrl":"np://user.desktop.nicepage.com/Site_2256801/images/LinkedIn_logo_initials.png","size":10631,"hash":"6LI9glyi5u0CJzzTOzWecOLe4ow=","fileName":"LinkedIn_logo_initials.png","name":"LinkedIn_logo_initials","width":480,"height":480,"thumbnail":{"url":"np://user.desktop.nicepage.com/Site_2256801/images/thumbnails/LinkedIn_logo_initials.png","width":250,"height":250},"folderId":null,"usages":[]},{"id":"user-image-github-logo-2E3852456C-seeklogo.com.png","publicUrl":"np://user.desktop.nicepage.com/Site_2256801/images/github-logo-2E3852456C-seeklogo.com.png","size":6581,"hash":"bKDNr18C+hYoVmsVzqqgujKcjKQ=","fileName":"github-logo-2E3852456C-seeklogo.com.png","name":"github-logo-2E3852456C-seeklogo.com","width":300,"height":300,"thumbnail":{"url":"np://user.desktop.nicepage.com/Site_2256801/images/thumbnails/github-logo-2E3852456C-seeklogo.com.png","width":250,"height":250},"folderId":null,"usages":[]},{"id":"user-image-1756784.png","publicUrl":"np://user.desktop.nicepage.com/Site_2256801/images/1756784.png","size":5076,"hash":"U2tE+qCQ9kn0HKHsSWw+gkVJp88=","fileName":"1756784.png","name":"1756784","width":128,"height":128,"thumbnail":{"url":"np://user.desktop.nicepage.com/Site_2256801/images/thumbnails/1756784.png","width":128,"height":128,"length":5076,"type":"png"},"folderId":null,"usages":["3010318281"]},{"id":"user-image-942799.png","publicUrl":"np://user.desktop.nicepage.com/Site_2256801/images/942799.png","size":4287,"hash":"oHvbyNjGpiYjVzGC4tXkjCt4xIo=","fileName":"942799.png","name":"942799","width":128,"height":128,"thumbnail":{"url":"np://user.desktop.nicepage.com/Site_2256801/images/thumbnails/942799.png","width":128,"height":128,"length":4287,"type":"png"},"folderId":null,"usages":["3010318281"]},{"id":"user-image-3074058.png","publicUrl":"np://user.desktop.nicepage.com/Site_2256801/images/3074058.png","size":2461,"hash":"AyPlP24x8OQ1sFs9ml5TsH4Hq/E=","fileName":"3074058.png","name":"3074058","width":128,"height":128,"thumbnail":{"url":"np://user.desktop.nicepage.com/Site_2256801/images/thumbnails/3074058.png","width":128,"height":128,"length":2461,"type":"png"},"folderId":null,"usages":["3010318281"]},{"id":"user-image-dijit.png","publicUrl":"np://user.desktop.nicepage.com/Site_2256801/images/dijit.png","size":502912,"hash":"WlPt3LhU0c8lNK3HpynIycMml54=","fileName":"dijit.png","name":"dijit","width":1258,"height":801,"thumbnail":{"url":"np://user.desktop.nicepage.com/Site_2256801/images/thumbnails/dijit.png","width":250,"height":159},"folderId":null,"usages":["3010318281"]},{"id":"user-image-118965338_340845260439112_190087224550356433_n.png","publicUrl":"np://user.desktop.nicepage.com/Site_2256801/images/118965338_340845260439112_190087224550356433_n.png","size":82056,"hash":"6Emf3wk8IOU5JAAqc/0YXkZuUbU=","fileName":"118965338_340845260439112_190087224550356433_n.png","name":"118965338_340845260439112_190087224550356433_n","width":673,"height":787,"thumbnail":{"url":"np://user.desktop.nicepage.com/Site_2256801/images/thumbnails/118965338_340845260439112_190087224550356433_n.png","width":214,"height":250},"folderId":null,"usages":[]},{"id":"user-image-83103399_114730509921116_5424871512521834496_n.jpg","publicUrl":"np://user.desktop.nicepage.com/Site_2256801/images/83103399_114730509921116_5424871512521834496_n.jpg","size":109845,"hash":"BRTvlFUqxsd86/BJobkAT2iES5k=","fileName":"83103399_114730509921116_5424871512521834496_n.jpg","name":"83103399_114730509921116_5424871512521834496_n","width":1600,"height":1600,"thumbnail":{"url":"np://user.desktop.nicepage.com/Site_2256801/images/thumbnails/83103399_114730509921116_5424871512521834496_n.jpg","width":250,"height":250},"folderId":null,"usages":["3010318281"]}]