[{"id":87154099,"title":"Blog Template","order":1,"templateKey":"blog","customTemplate":false,"customTemplateFilename":null,"pageLinks":["3010318281","6","5","4"],"dateCreated":"2024-01-31T17:20:26.967Z","dateUpdated":"2024-02-02T22:17:40.320Z","folderId":null,"pageName":"Blog Template","serverPageId":null,"sectionCount":1,"status":2,"backwardUrl":null},{"id":45337489,"title":"Post Template","order":2,"templateKey":"post","customTemplate":false,"customTemplateFilename":null,"pageLinks":["3010318281"],"dateCreated":"2024-01-31T17:20:27.239Z","dateUpdated":"2024-02-02T22:16:09.918Z","folderId":null,"pageName":"Post Template","serverPageId":null,"sectionCount":1,"status":2,"backwardUrl":null},{"id":7874851,"title":"Product List Template","order":3,"templateKey":"products","customTemplate":false,"customTemplateFilename":null,"pageLinks":["3010318281"],"dateCreated":"2024-01-31T17:20:27.463Z","dateUpdated":"2024-02-02T22:16:15.170Z","folderId":null,"pageName":"Product List Template","serverPageId":null,"sectionCount":1,"status":2,"backwardUrl":null},{"id":2728408653,"title":"Product Details Template","order":4,"templateKey":"product","customTemplate":false,"customTemplateFilename":null,"pageLinks":[],"dateCreated":"2024-01-31T17:20:27.701Z","dateUpdated":"2024-01-31T17:20:29.301Z","folderId":null,"pageName":"Product Details Template","serverPageId":null,"sectionCount":1,"status":2,"backwardUrl":null},{"id":140792864,"title":"Shopping Cart Template","order":5,"templateKey":"cart","customTemplate":false,"customTemplateFilename":null,"pageLinks":[],"dateCreated":"2024-01-31T17:20:27.917Z","dateUpdated":"2024-01-31T17:20:29.301Z","folderId":null,"pageName":"Shopping Cart Template","serverPageId":null,"sectionCount":1,"status":2,"backwardUrl":null},{"id":30425249,"title":"Checkout Template","order":6,"templateKey":"checkout","customTemplate":false,"customTemplateFilename":null,"pageLinks":[],"dateCreated":"2024-01-31T17:20:28.170Z","dateUpdated":"2024-01-31T17:20:29.302Z","folderId":null,"pageName":"Checkout Template","serverPageId":null,"sectionCount":1,"status":2,"backwardUrl":null},{"id":225623968,"title":"Login Template","order":7,"templateKey":"login","customTemplate":false,"customTemplateFilename":null,"pageLinks":[],"dateCreated":"2024-01-31T17:20:28.326Z","dateUpdated":"2024-01-31T17:20:29.302Z","folderId":null,"pageName":"Login Template","serverPageId":null,"sectionCount":1,"status":2,"backwardUrl":null},{"id":1301704952,"title":"Page Password Template","order":8,"templateKey":"password","customTemplate":false,"customTemplateFilename":null,"pageLinks":[],"dateCreated":"2024-01-31T17:20:28.443Z","dateUpdated":"2024-01-31T17:20:29.302Z","folderId":null,"pageName":"Page Password Template","serverPageId":null,"sectionCount":1,"status":2,"backwardUrl":null},{"id":93872970,"title":"404 Not Found Template","order":9,"templateKey":"404","customTemplate":false,"customTemplateFilename":null,"pageLinks":[],"dateCreated":"2024-01-31T17:20:28.552Z","dateUpdated":"2024-01-31T17:20:29.302Z","folderId":null,"pageName":"404 Not Found Template","serverPageId":null,"sectionCount":1,"status":2,"backwardUrl":null},{"id":60177698,"title":"Thank You Page Template","order":10,"templateKey":"ThankYou","customTemplate":false,"customTemplateFilename":null,"pageLinks":[],"dateCreated":"2024-01-31T17:20:28.664Z","dateUpdated":"2024-01-31T17:20:29.302Z","folderId":null,"pageName":"Thank You Page Template","serverPageId":null,"sectionCount":1,"status":2,"backwardUrl":null},{"id":3010318281,"title":"Home","order":50,"templateKey":null,"customTemplate":false,"customTemplateFilename":null,"pageLinks":["3010318281"],"dateCreated":"2024-01-31T17:20:30.002Z","dateUpdated":"2024-02-02T22:03:20.874Z","folderId":null,"pageName":"Home_3010318281","serverPageId":null,"sectionCount":3,"status":2,"backwardUrl":null},{"id":2823522611,"title":"About","order":100,"templateKey":null,"customTemplate":false,"customTemplateFilename":null,"pageLinks":["3010318281"],"dateCreated":"2024-01-31T17:20:28.741Z","dateUpdated":"2024-02-02T22:08:32.527Z","folderId":null,"pageName":"About_2823522611","serverPageId":null,"sectionCount":3,"status":2,"backwardUrl":null},{"id":87547296,"title":"Contact","order":101,"templateKey":null,"customTemplate":false,"customTemplateFilename":null,"pageLinks":["3010318281"],"dateCreated":"2024-01-31T17:20:28.797Z","dateUpdated":"2024-02-02T21:05:56.833Z","folderId":null,"pageName":"Contact_87547296","serverPageId":null,"sectionCount":1,"status":2,"backwardUrl":null},{"id":1907011559,"title":"Resume","order":102,"templateKey":null,"customTemplate":false,"customTemplateFilename":null,"pageLinks":["3010318281"],"dateCreated":"2024-01-31T20:23:22.923Z","dateUpdated":"2024-02-02T21:15:03.830Z","folderId":null,"pageName":"Resume_1907011559","serverPageId":null,"sectionCount":1,"status":2,"backwardUrl":null},{"id":907108937,"title":"Projects","order":103,"templateKey":null,"customTemplate":false,"customTemplateFilename":null,"pageLinks":["3010318281"],"dateCreated":"2024-01-31T20:30:08.314Z","dateUpdated":"2024-02-02T23:04:55.068Z","folderId":null,"pageName":"Projects_907108937","serverPageId":null,"sectionCount":27,"status":2,"backwardUrl":null},{"id":28974099,"title":"Hobbies","order":104,"templateKey":null,"customTemplate":false,"customTemplateFilename":null,"pageLinks":["3010318281"],"dateCreated":"2024-02-02T19:48:11.828Z","dateUpdated":"2024-02-02T21:07:38.069Z","folderId":null,"pageName":"Hobbies_28974099","serverPageId":null,"sectionCount":7,"status":2,"backwardUrl":null}]